block_code,house_number,payment_date,gross_amount,note
A,02,2025-01-01,100000,Imported laporan 2025
A,02,2025-02-01,100000,Imported laporan 2025
A,02,2025-03-01,100000,Imported laporan 2025
A,02,2025-04-01,100000,Imported laporan 2025
A,02,2025-05-01,100000,Imported laporan 2025
A,02,2025-06-01,100000,Imported laporan 2025
A,02,2025-07-01,100000,Imported laporan 2025
A,02,2025-08-01,100000,Imported laporan 2025
A,02,2025-09-01,100000,Imported laporan 2025
A,02,2025-10-01,100000,Imported laporan 2025
A,02,2025-11-01,100000,Imported laporan 2025
A,02,2025-12-01,100000,Imported laporan 2025
A,06,2025-01-01,100000,Imported laporan 2025
A,06,2025-02-01,100000,Imported laporan 2025
A,06,2025-03-01,100000,Imported laporan 2025
A,06,2025-04-01,100000,Imported laporan 2025
A,06,2025-05-01,100000,Imported laporan 2025
A,06,2025-06-01,100000,Imported laporan 2025
A,06,2025-07-01,100000,Imported laporan 2025
A,06,2025-08-01,100000,Imported laporan 2025
A,06,2025-09-01,100000,Imported laporan 2025
A,06,2025-10-01,100000,Imported laporan 2025
A,06,2025-11-01,100000,Imported laporan 2025
A,06,2025-12-01,100000,Imported laporan 2025
A,08,2025-01-01,100000,Imported laporan 2025
A,08,2025-02-01,100000,Imported laporan 2025
A,08,2025-03-01,100000,Imported laporan 2025
A,08,2025-04-01,100000,Imported laporan 2025
A,08,2025-05-01,100000,Imported laporan 2025
A,08,2025-06-01,100000,Imported laporan 2025
A,08,2025-07-01,100000,Imported laporan 2025
A,08,2025-08-01,100000,Imported laporan 2025
A,08,2025-09-01,100000,Imported laporan 2025
A,08,2025-10-01,100000,Imported laporan 2025
A,08,2025-11-01,100000,Imported laporan 2025
A,08,2025-12-01,100000,Imported laporan 2025
A,12,2025-01-01,100000,Imported laporan 2025
A,12,2025-02-01,100000,Imported laporan 2025
A,12,2025-03-01,100000,Imported laporan 2025
A,12,2025-04-01,100000,Imported laporan 2025
A,12,2025-05-01,100000,Imported laporan 2025
A,12,2025-06-01,100000,Imported laporan 2025
A,12,2025-07-01,100000,Imported laporan 2025
A,12,2025-08-01,100000,Imported laporan 2025
A,12,2025-09-01,100000,Imported laporan 2025
A,12,2025-10-01,100000,Imported laporan 2025
A,12,2025-11-01,100000,Imported laporan 2025
A,12,2025-12-01,100000,Imported laporan 2025
A,16,2025-01-01,100000,Imported laporan 2025
A,16,2025-02-01,100000,Imported laporan 2025
A,16,2025-03-01,100000,Imported laporan 2025
A,16,2025-04-01,100000,Imported laporan 2025
A,16,2025-05-01,100000,Imported laporan 2025
A,16,2025-06-01,100000,Imported laporan 2025
A,16,2025-07-01,100000,Imported laporan 2025
A,16,2025-08-01,100000,Imported laporan 2025
A,16,2025-09-01,100000,Imported laporan 2025
A,16,2025-10-01,100000,Imported laporan 2025
A,16,2025-11-01,100000,Imported laporan 2025
A,16,2025-12-01,100000,Imported laporan 2025
A,18,2025-01-01,100000,Imported laporan 2025
A,18,2025-02-01,100000,Imported laporan 2025
A,18,2025-03-01,100000,Imported laporan 2025
A,18,2025-04-01,100000,Imported laporan 2025
A,18,2025-05-01,100000,Imported laporan 2025
A,18,2025-06-01,100000,Imported laporan 2025
A,18,2025-07-01,100000,Imported laporan 2025
A,18,2025-08-01,100000,Imported laporan 2025
A,18,2025-09-01,100000,Imported laporan 2025
A,18,2025-10-01,100000,Imported laporan 2025
A,18,2025-11-01,100000,Imported laporan 2025
A,18,2025-12-01,100000,Imported laporan 2025
A,20,2025-01-01,100000,Imported laporan 2025
A,20,2025-02-01,100000,Imported laporan 2025
A,20,2025-03-01,100000,Imported laporan 2025
A,20,2025-04-01,100000,Imported laporan 2025
A,20,2025-05-01,100000,Imported laporan 2025
A,20,2025-06-01,100000,Imported laporan 2025
A,20,2025-07-01,100000,Imported laporan 2025
A,20,2025-08-01,100000,Imported laporan 2025
A,20,2025-09-01,100000,Imported laporan 2025
A,20,2025-10-01,100000,Imported laporan 2025
A,20,2025-11-01,100000,Imported laporan 2025
A,20,2025-12-01,100000,Imported laporan 2025
A,22,2025-01-01,100000,Imported laporan 2025
A,22,2025-02-01,100000,Imported laporan 2025
A,22,2025-03-01,100000,Imported laporan 2025
A,22,2025-04-01,100000,Imported laporan 2025
A,22,2025-05-01,100000,Imported laporan 2025
A,22,2025-06-01,100000,Imported laporan 2025
A,22,2025-07-01,100000,Imported laporan 2025
A,22,2025-08-01,100000,Imported laporan 2025
A,22,2025-09-01,100000,Imported laporan 2025
A,22,2025-10-01,100000,Imported laporan 2025
A,22,2025-11-01,100000,Imported laporan 2025
A,22,2025-12-01,100000,Imported laporan 2025
A,26,2025-01-01,100000,Imported laporan 2025
A,26,2025-02-01,100000,Imported laporan 2025
A,26,2025-03-01,100000,Imported laporan 2025
A,26,2025-04-01,100000,Imported laporan 2025
A,26,2025-05-01,100000,Imported laporan 2025
A,26,2025-06-01,100000,Imported laporan 2025
A,26,2025-07-01,100000,Imported laporan 2025
A,26,2025-08-01,100000,Imported laporan 2025
A,26,2025-09-01,100000,Imported laporan 2025
A,26,2025-10-01,100000,Imported laporan 2025
A,26,2025-11-01,100000,Imported laporan 2025
A,26,2025-12-01,100000,Imported laporan 2025
B,01,2025-01-01,100000,Imported laporan 2025
B,01,2025-02-01,100000,Imported laporan 2025
B,01,2025-03-01,100000,Imported laporan 2025
B,01,2025-04-01,100000,Imported laporan 2025
B,01,2025-05-01,100000,Imported laporan 2025
B,01,2025-06-01,100000,Imported laporan 2025
B,01,2025-07-01,100000,Imported laporan 2025
B,01,2025-08-01,100000,Imported laporan 2025
B,01,2025-09-01,100000,Imported laporan 2025
B,01,2025-10-01,100000,Imported laporan 2025
B,01,2025-11-01,100000,Imported laporan 2025
B,01,2025-12-01,100000,Imported laporan 2025
B,02,2025-01-01,100000,Imported laporan 2025
B,02,2025-02-01,100000,Imported laporan 2025
B,02,2025-03-01,100000,Imported laporan 2025
B,02,2025-04-01,100000,Imported laporan 2025
B,02,2025-05-01,100000,Imported laporan 2025
B,02,2025-06-01,100000,Imported laporan 2025
B,02,2025-07-01,100000,Imported laporan 2025
B,02,2025-08-01,100000,Imported laporan 2025
B,02,2025-09-01,100000,Imported laporan 2025
B,02,2025-10-01,100000,Imported laporan 2025
B,02,2025-11-01,100000,Imported laporan 2025
B,02,2025-12-01,100000,Imported laporan 2025
B,03,2025-01-01,100000,Imported laporan 2025
B,03,2025-02-01,100000,Imported laporan 2025
B,03,2025-03-01,100000,Imported laporan 2025
B,03,2025-04-01,100000,Imported laporan 2025
B,03,2025-05-01,100000,Imported laporan 2025
B,03,2025-06-01,100000,Imported laporan 2025
B,03,2025-07-01,100000,Imported laporan 2025
B,03,2025-08-01,100000,Imported laporan 2025
B,03,2025-09-01,100000,Imported laporan 2025
B,03,2025-10-01,100000,Imported laporan 2025
B,03,2025-11-01,100000,Imported laporan 2025
B,03,2025-12-01,100000,Imported laporan 2025
B,05,2025-01-01,100000,Imported laporan 2025
B,05,2025-02-01,100000,Imported laporan 2025
B,05,2025-03-01,100000,Imported laporan 2025
B,05,2025-04-01,100000,Imported laporan 2025
B,05,2025-05-01,100000,Imported laporan 2025
B,05,2025-06-01,100000,Imported laporan 2025
B,05,2025-07-01,100000,Imported laporan 2025
B,05,2025-08-01,100000,Imported laporan 2025
B,05,2025-09-01,100000,Imported laporan 2025
B,05,2025-10-01,100000,Imported laporan 2025
B,05,2025-11-01,100000,Imported laporan 2025
B,05,2025-12-01,100000,Imported laporan 2025
B,06,2025-01-01,100000,Imported laporan 2025
B,06,2025-02-01,100000,Imported laporan 2025
B,06,2025-03-01,100000,Imported laporan 2025
B,06,2025-04-01,100000,Imported laporan 2025
B,06,2025-05-01,100000,Imported laporan 2025
B,06,2025-06-01,100000,Imported laporan 2025
B,06,2025-07-01,100000,Imported laporan 2025
B,06,2025-08-01,100000,Imported laporan 2025
B,06,2025-09-01,100000,Imported laporan 2025
B,06,2025-10-01,100000,Imported laporan 2025
B,06,2025-11-01,100000,Imported laporan 2025
B,06,2025-12-01,100000,Imported laporan 2025
B,07,2025-01-01,100000,Imported laporan 2025
B,07,2025-02-01,100000,Imported laporan 2025
B,07,2025-03-01,100000,Imported laporan 2025
B,07,2025-04-01,100000,Imported laporan 2025
B,07,2025-05-01,100000,Imported laporan 2025
B,07,2025-06-01,100000,Imported laporan 2025
B,07,2025-07-01,100000,Imported laporan 2025
B,07,2025-08-01,100000,Imported laporan 2025
B,07,2025-09-01,100000,Imported laporan 2025
B,07,2025-10-01,100000,Imported laporan 2025
B,07,2025-11-01,100000,Imported laporan 2025
B,07,2025-12-01,100000,Imported laporan 2025
B,08,2025-01-01,100000,Imported laporan 2025
B,08,2025-02-01,100000,Imported laporan 2025
B,08,2025-03-01,100000,Imported laporan 2025
B,08,2025-04-01,100000,Imported laporan 2025
B,08,2025-05-01,100000,Imported laporan 2025
B,08,2025-06-01,100000,Imported laporan 2025
B,08,2025-07-01,100000,Imported laporan 2025
B,08,2025-08-01,100000,Imported laporan 2025
B,08,2025-09-01,100000,Imported laporan 2025
B,08,2025-10-01,100000,Imported laporan 2025
B,08,2025-11-01,100000,Imported laporan 2025
B,08,2025-12-01,100000,Imported laporan 2025
B,09,2025-01-01,100000,Imported laporan 2025
B,09,2025-02-01,100000,Imported laporan 2025
B,09,2025-03-01,100000,Imported laporan 2025
B,09,2025-04-01,100000,Imported laporan 2025
B,09,2025-05-01,100000,Imported laporan 2025
B,09,2025-06-01,100000,Imported laporan 2025
B,09,2025-07-01,100000,Imported laporan 2025
B,09,2025-08-01,100000,Imported laporan 2025
B,09,2025-09-01,100000,Imported laporan 2025
B,09,2025-10-01,100000,Imported laporan 2025
B,09,2025-11-01,100000,Imported laporan 2025
B,09,2025-12-01,100000,Imported laporan 2025
B,10,2025-01-01,100000,Imported laporan 2025
B,10,2025-02-01,100000,Imported laporan 2025
B,10,2025-03-01,100000,Imported laporan 2025
B,10,2025-04-01,100000,Imported laporan 2025
B,10,2025-05-01,100000,Imported laporan 2025
B,10,2025-06-01,100000,Imported laporan 2025
B,10,2025-07-01,100000,Imported laporan 2025
B,10,2025-08-01,100000,Imported laporan 2025
B,10,2025-09-01,100000,Imported laporan 2025
B,10,2025-10-01,100000,Imported laporan 2025
B,10,2025-11-01,100000,Imported laporan 2025
B,10,2025-12-01,100000,Imported laporan 2025
B,11,2025-01-01,100000,Imported laporan 2025
B,11,2025-02-01,100000,Imported laporan 2025
B,11,2025-03-01,100000,Imported laporan 2025
B,11,2025-04-01,100000,Imported laporan 2025
B,11,2025-05-01,100000,Imported laporan 2025
B,11,2025-06-01,100000,Imported laporan 2025
B,11,2025-07-01,100000,Imported laporan 2025
B,11,2025-08-01,100000,Imported laporan 2025
B,11,2025-09-01,100000,Imported laporan 2025
B,11,2025-10-01,100000,Imported laporan 2025
B,11,2025-11-01,100000,Imported laporan 2025
B,11,2025-12-01,100000,Imported laporan 2025
B,12,2025-01-01,100000,Imported laporan 2025
B,12,2025-02-01,100000,Imported laporan 2025
B,12,2025-03-01,100000,Imported laporan 2025
B,12,2025-04-01,100000,Imported laporan 2025
B,12,2025-05-01,100000,Imported laporan 2025
B,12,2025-06-01,100000,Imported laporan 2025
B,12,2025-07-01,100000,Imported laporan 2025
B,12,2025-08-01,100000,Imported laporan 2025
B,12,2025-09-01,100000,Imported laporan 2025
B,12,2025-10-01,100000,Imported laporan 2025
B,12,2025-11-01,100000,Imported laporan 2025
B,12,2025-12-01,100000,Imported laporan 2025
B,15,2025-01-01,100000,Imported laporan 2025
B,15,2025-02-01,100000,Imported laporan 2025
B,15,2025-03-01,100000,Imported laporan 2025
B,15,2025-04-01,100000,Imported laporan 2025
B,15,2025-05-01,100000,Imported laporan 2025
B,15,2025-06-01,100000,Imported laporan 2025
B,15,2025-07-01,100000,Imported laporan 2025
B,15,2025-08-01,100000,Imported laporan 2025
B,15,2025-09-01,100000,Imported laporan 2025
B,15,2025-10-01,100000,Imported laporan 2025
B,15,2025-11-01,100000,Imported laporan 2025
B,15,2025-12-01,100000,Imported laporan 2025
B,16,2025-01-01,100000,Imported laporan 2025
B,16,2025-02-01,100000,Imported laporan 2025
B,16,2025-03-01,100000,Imported laporan 2025
B,16,2025-04-01,100000,Imported laporan 2025
B,16,2025-05-01,100000,Imported laporan 2025
B,16,2025-06-01,100000,Imported laporan 2025
B,16,2025-07-01,100000,Imported laporan 2025
B,16,2025-08-01,100000,Imported laporan 2025
B,16,2025-09-01,100000,Imported laporan 2025
B,16,2025-10-01,100000,Imported laporan 2025
B,16,2025-11-01,100000,Imported laporan 2025
B,16,2025-12-01,100000,Imported laporan 2025
B,18,2025-01-01,100000,Imported laporan 2025
B,18,2025-02-01,100000,Imported laporan 2025
B,18,2025-03-01,100000,Imported laporan 2025
B,18,2025-04-01,100000,Imported laporan 2025
B,18,2025-05-01,100000,Imported laporan 2025
B,18,2025-06-01,100000,Imported laporan 2025
B,18,2025-07-01,100000,Imported laporan 2025
B,18,2025-08-01,100000,Imported laporan 2025
B,18,2025-09-01,100000,Imported laporan 2025
B,18,2025-10-01,100000,Imported laporan 2025
B,18,2025-11-01,100000,Imported laporan 2025
B,18,2025-12-01,100000,Imported laporan 2025
B,19,2025-01-01,100000,Imported laporan 2025
B,19,2025-02-01,100000,Imported laporan 2025
B,19,2025-03-01,100000,Imported laporan 2025
B,19,2025-04-01,100000,Imported laporan 2025
B,19,2025-05-01,100000,Imported laporan 2025
B,19,2025-06-01,100000,Imported laporan 2025
B,19,2025-07-01,100000,Imported laporan 2025
B,19,2025-08-01,100000,Imported laporan 2025
B,19,2025-09-01,100000,Imported laporan 2025
B,19,2025-10-01,100000,Imported laporan 2025
B,19,2025-11-01,100000,Imported laporan 2025
B,19,2025-12-01,100000,Imported laporan 2025
B,20,2025-01-01,100000,Imported laporan 2025
B,20,2025-02-01,100000,Imported laporan 2025
B,20,2025-03-01,100000,Imported laporan 2025
B,20,2025-04-01,100000,Imported laporan 2025
B,20,2025-05-01,100000,Imported laporan 2025
B,20,2025-06-01,100000,Imported laporan 2025
B,20,2025-07-01,100000,Imported laporan 2025
B,20,2025-08-01,100000,Imported laporan 2025
B,20,2025-09-01,100000,Imported laporan 2025
B,20,2025-10-01,100000,Imported laporan 2025
B,20,2025-11-01,100000,Imported laporan 2025
B,20,2025-12-01,100000,Imported laporan 2025
B,21,2025-01-01,100000,Imported laporan 2025
B,21,2025-02-01,100000,Imported laporan 2025
B,21,2025-03-01,100000,Imported laporan 2025
B,21,2025-04-01,100000,Imported laporan 2025
B,21,2025-05-01,100000,Imported laporan 2025
B,21,2025-06-01,100000,Imported laporan 2025
B,21,2025-07-01,100000,Imported laporan 2025
B,21,2025-08-01,100000,Imported laporan 2025
B,21,2025-09-01,100000,Imported laporan 2025
B,21,2025-10-01,100000,Imported laporan 2025
B,21,2025-11-01,100000,Imported laporan 2025
B,21,2025-12-01,100000,Imported laporan 2025
B,22,2025-01-01,100000,Imported laporan 2025
B,22,2025-02-01,100000,Imported laporan 2025
B,22,2025-03-01,100000,Imported laporan 2025
B,22,2025-04-01,100000,Imported laporan 2025
B,22,2025-05-01,100000,Imported laporan 2025
B,22,2025-06-01,100000,Imported laporan 2025
B,22,2025-07-01,100000,Imported laporan 2025
B,22,2025-08-01,100000,Imported laporan 2025
B,22,2025-09-01,100000,Imported laporan 2025
B,22,2025-10-01,100000,Imported laporan 2025
B,22,2025-11-01,100000,Imported laporan 2025
B,22,2025-12-01,100000,Imported laporan 2025
B,23,2025-01-01,100000,Imported laporan 2025
B,23,2025-02-01,100000,Imported laporan 2025
B,23,2025-03-01,100000,Imported laporan 2025
B,23,2025-04-01,100000,Imported laporan 2025
B,23,2025-05-01,100000,Imported laporan 2025
B,23,2025-06-01,100000,Imported laporan 2025
B,23,2025-07-01,100000,Imported laporan 2025
B,23,2025-08-01,100000,Imported laporan 2025
B,23,2025-09-01,100000,Imported laporan 2025
B,23,2025-10-01,100000,Imported laporan 2025
B,23,2025-11-01,100000,Imported laporan 2025
B,23,2025-12-01,100000,Imported laporan 2025
B,25,2025-01-01,100000,Imported laporan 2025
B,25,2025-02-01,100000,Imported laporan 2025
B,25,2025-03-01,100000,Imported laporan 2025
B,25,2025-04-01,100000,Imported laporan 2025
B,25,2025-05-01,100000,Imported laporan 2025
B,25,2025-06-01,100000,Imported laporan 2025
B,25,2025-07-01,100000,Imported laporan 2025
B,25,2025-08-01,100000,Imported laporan 2025
B,25,2025-09-01,100000,Imported laporan 2025
B,25,2025-10-01,100000,Imported laporan 2025
B,25,2025-11-01,100000,Imported laporan 2025
B,25,2025-12-01,100000,Imported laporan 2025
B,27,2025-01-01,100000,Imported laporan 2025
B,27,2025-02-01,100000,Imported laporan 2025
B,27,2025-03-01,100000,Imported laporan 2025
B,27,2025-04-01,100000,Imported laporan 2025
B,27,2025-05-01,100000,Imported laporan 2025
B,27,2025-06-01,100000,Imported laporan 2025
B,27,2025-07-01,100000,Imported laporan 2025
B,27,2025-08-01,100000,Imported laporan 2025
B,27,2025-09-01,100000,Imported laporan 2025
B,27,2025-10-01,100000,Imported laporan 2025
B,27,2025-12-01,100000,Imported laporan 2025
B,29,2025-01-01,100000,Imported laporan 2025
B,29,2025-02-01,100000,Imported laporan 2025
B,29,2025-03-01,100000,Imported laporan 2025
B,29,2025-04-01,100000,Imported laporan 2025
B,29,2025-05-01,100000,Imported laporan 2025
B,29,2025-06-01,100000,Imported laporan 2025
B,29,2025-07-01,100000,Imported laporan 2025
B,29,2025-08-01,100000,Imported laporan 2025
B,29,2025-09-01,100000,Imported laporan 2025
B,29,2025-10-01,100000,Imported laporan 2025
B,29,2025-11-01,100000,Imported laporan 2025
B,29,2025-12-01,100000,Imported laporan 2025
B,31,2025-01-01,100000,Imported laporan 2025
B,31,2025-02-01,100000,Imported laporan 2025
B,31,2025-03-01,100000,Imported laporan 2025
B,31,2025-04-01,100000,Imported laporan 2025
B,31,2025-05-01,100000,Imported laporan 2025
B,31,2025-06-01,100000,Imported laporan 2025
B,31,2025-07-01,100000,Imported laporan 2025
B,31,2025-08-01,100000,Imported laporan 2025
B,31,2025-09-01,100000,Imported laporan 2025
B,31,2025-10-01,100000,Imported laporan 2025
B,31,2025-11-01,100000,Imported laporan 2025
B,31,2025-12-01,100000,Imported laporan 2025
B,33,2025-01-01,100000,Imported laporan 2025
B,33,2025-02-01,100000,Imported laporan 2025
B,33,2025-03-01,100000,Imported laporan 2025
B,33,2025-04-01,100000,Imported laporan 2025
B,33,2025-05-01,100000,Imported laporan 2025
B,33,2025-06-01,100000,Imported laporan 2025
B,33,2025-07-01,100000,Imported laporan 2025
B,33,2025-08-01,100000,Imported laporan 2025
B,33,2025-09-01,100000,Imported laporan 2025
B,33,2025-10-01,100000,Imported laporan 2025
B,33,2025-11-01,100000,Imported laporan 2025
B,33,2025-12-01,100000,Imported laporan 2025
B,35,2025-01-01,100000,Imported laporan 2025
B,35,2025-02-01,100000,Imported laporan 2025
B,35,2025-03-01,100000,Imported laporan 2025
B,35,2025-04-01,100000,Imported laporan 2025
B,35,2025-05-01,100000,Imported laporan 2025
B,35,2025-06-01,100000,Imported laporan 2025
B,35,2025-07-01,100000,Imported laporan 2025
B,35,2025-08-01,100000,Imported laporan 2025
B,35,2025-09-01,100000,Imported laporan 2025
B,35,2025-10-01,100000,Imported laporan 2025
B,35,2025-11-01,100000,Imported laporan 2025
B,35,2025-12-01,100000,Imported laporan 2025
B,37,2025-01-01,100000,Imported laporan 2025
B,37,2025-02-01,100000,Imported laporan 2025
B,37,2025-03-01,100000,Imported laporan 2025
B,37,2025-04-01,100000,Imported laporan 2025
B,37,2025-05-01,100000,Imported laporan 2025
B,37,2025-06-01,100000,Imported laporan 2025
B,37,2025-07-01,100000,Imported laporan 2025
B,37,2025-08-01,100000,Imported laporan 2025
B,37,2025-09-01,100000,Imported laporan 2025
B,37,2025-10-01,100000,Imported laporan 2025
B,37,2025-11-01,100000,Imported laporan 2025
B,37,2025-12-01,100000,Imported laporan 2025
C,01,2025-01-01,100000,Imported laporan 2025
C,01,2025-02-01,100000,Imported laporan 2025
C,01,2025-03-01,100000,Imported laporan 2025
C,01,2025-04-01,100000,Imported laporan 2025
C,01,2025-05-01,100000,Imported laporan 2025
C,01,2025-06-01,100000,Imported laporan 2025
C,01,2025-07-01,100000,Imported laporan 2025
C,01,2025-08-01,100000,Imported laporan 2025
C,01,2025-09-01,100000,Imported laporan 2025
C,01,2025-10-01,100000,Imported laporan 2025
C,01,2025-11-01,100000,Imported laporan 2025
C,01,2025-12-01,100000,Imported laporan 2025
C,02,2025-01-01,100000,Imported laporan 2025
C,02,2025-02-01,100000,Imported laporan 2025
C,02,2025-03-01,100000,Imported laporan 2025
C,02,2025-04-01,100000,Imported laporan 2025
C,02,2025-05-01,100000,Imported laporan 2025
C,02,2025-06-01,100000,Imported laporan 2025
C,02,2025-07-01,100000,Imported laporan 2025
C,02,2025-08-01,100000,Imported laporan 2025
C,02,2025-09-01,100000,Imported laporan 2025
C,02,2025-10-01,100000,Imported laporan 2025
C,02,2025-11-01,100000,Imported laporan 2025
C,02,2025-12-01,100000,Imported laporan 2025
C,03,2025-01-01,100000,Imported laporan 2025
C,03,2025-02-01,100000,Imported laporan 2025
C,03,2025-03-01,100000,Imported laporan 2025
C,03,2025-04-01,100000,Imported laporan 2025
C,03,2025-05-01,100000,Imported laporan 2025
C,03,2025-06-01,100000,Imported laporan 2025
C,03,2025-07-01,100000,Imported laporan 2025
C,03,2025-08-01,100000,Imported laporan 2025
C,03,2025-09-01,100000,Imported laporan 2025
C,03,2025-10-01,100000,Imported laporan 2025
C,03,2025-11-01,100000,Imported laporan 2025
C,03,2025-12-01,100000,Imported laporan 2025
C,05,2025-01-01,100000,Imported laporan 2025
C,05,2025-02-01,100000,Imported laporan 2025
C,05,2025-03-01,100000,Imported laporan 2025
C,05,2025-04-01,100000,Imported laporan 2025
C,05,2025-05-01,100000,Imported laporan 2025
C,05,2025-06-01,100000,Imported laporan 2025
C,05,2025-07-01,100000,Imported laporan 2025
C,05,2025-08-01,100000,Imported laporan 2025
C,05,2025-09-01,100000,Imported laporan 2025
C,05,2025-10-01,100000,Imported laporan 2025
C,05,2025-11-01,100000,Imported laporan 2025
C,05,2025-12-01,100000,Imported laporan 2025
C,06,2025-01-01,100000,Imported laporan 2025
C,06,2025-02-01,100000,Imported laporan 2025
C,06,2025-03-01,100000,Imported laporan 2025
C,06,2025-04-01,100000,Imported laporan 2025
C,06,2025-05-01,100000,Imported laporan 2025
C,06,2025-06-01,100000,Imported laporan 2025
C,06,2025-07-01,100000,Imported laporan 2025
C,06,2025-08-01,100000,Imported laporan 2025
C,06,2025-09-01,100000,Imported laporan 2025
C,06,2025-10-01,100000,Imported laporan 2025
C,06,2025-11-01,100000,Imported laporan 2025
C,06,2025-12-01,100000,Imported laporan 2025
C,07,2025-01-01,100000,Imported laporan 2025
C,07,2025-02-01,100000,Imported laporan 2025
C,07,2025-03-01,100000,Imported laporan 2025
C,07,2025-04-01,100000,Imported laporan 2025
C,07,2025-05-01,100000,Imported laporan 2025
C,07,2025-06-01,100000,Imported laporan 2025
C,07,2025-07-01,100000,Imported laporan 2025
C,07,2025-08-01,100000,Imported laporan 2025
C,07,2025-09-01,100000,Imported laporan 2025
C,07,2025-10-01,100000,Imported laporan 2025
C,07,2025-11-01,100000,Imported laporan 2025
C,07,2025-12-01,100000,Imported laporan 2025
C,08,2025-01-01,100000,Imported laporan 2025
C,08,2025-02-01,100000,Imported laporan 2025
C,08,2025-03-01,100000,Imported laporan 2025
C,08,2025-04-01,100000,Imported laporan 2025
C,08,2025-05-01,100000,Imported laporan 2025
C,08,2025-06-01,100000,Imported laporan 2025
C,08,2025-07-01,100000,Imported laporan 2025
C,08,2025-08-01,100000,Imported laporan 2025
C,08,2025-09-01,100000,Imported laporan 2025
C,08,2025-10-01,100000,Imported laporan 2025
C,08,2025-11-01,100000,Imported laporan 2025
C,08,2025-12-01,100000,Imported laporan 2025
C,09,2025-01-01,100000,Imported laporan 2025
C,09,2025-02-01,100000,Imported laporan 2025
C,09,2025-03-01,100000,Imported laporan 2025
C,09,2025-04-01,100000,Imported laporan 2025
C,09,2025-05-01,100000,Imported laporan 2025
C,09,2025-06-01,100000,Imported laporan 2025
C,09,2025-07-01,100000,Imported laporan 2025
C,09,2025-08-01,100000,Imported laporan 2025
C,09,2025-09-01,100000,Imported laporan 2025
C,09,2025-10-01,100000,Imported laporan 2025
C,09,2025-11-01,100000,Imported laporan 2025
C,09,2025-12-01,100000,Imported laporan 2025
C,10,2025-01-01,100000,Imported laporan 2025
C,10,2025-02-01,100000,Imported laporan 2025
C,10,2025-03-01,100000,Imported laporan 2025
C,10,2025-04-01,100000,Imported laporan 2025
C,10,2025-05-01,100000,Imported laporan 2025
C,10,2025-06-01,100000,Imported laporan 2025
C,10,2025-07-01,100000,Imported laporan 2025
C,10,2025-08-01,100000,Imported laporan 2025
C,10,2025-09-01,100000,Imported laporan 2025
C,10,2025-10-01,100000,Imported laporan 2025
C,10,2025-11-01,100000,Imported laporan 2025
C,10,2025-12-01,100000,Imported laporan 2025
C,11,2025-01-01,100000,Imported laporan 2025
C,11,2025-02-01,100000,Imported laporan 2025
C,11,2025-03-01,100000,Imported laporan 2025
C,11,2025-04-01,100000,Imported laporan 2025
C,11,2025-05-01,100000,Imported laporan 2025
C,11,2025-06-01,100000,Imported laporan 2025
C,11,2025-07-01,100000,Imported laporan 2025
C,11,2025-08-01,100000,Imported laporan 2025
C,11,2025-09-01,100000,Imported laporan 2025
C,11,2025-10-01,100000,Imported laporan 2025
C,11,2025-11-01,100000,Imported laporan 2025
C,11,2025-12-01,100000,Imported laporan 2025
C,12,2025-01-01,100000,Imported laporan 2025
C,12,2025-02-01,100000,Imported laporan 2025
C,12,2025-03-01,100000,Imported laporan 2025
C,12,2025-04-01,100000,Imported laporan 2025
C,12,2025-05-01,100000,Imported laporan 2025
C,12,2025-06-01,100000,Imported laporan 2025
C,12,2025-07-01,100000,Imported laporan 2025
C,12,2025-08-01,100000,Imported laporan 2025
C,12,2025-09-01,100000,Imported laporan 2025
C,12,2025-10-01,100000,Imported laporan 2025
C,12,2025-11-01,100000,Imported laporan 2025
C,12,2025-12-01,100000,Imported laporan 2025
C,15,2025-01-01,100000,Imported laporan 2025
C,15,2025-02-01,100000,Imported laporan 2025
C,15,2025-03-01,100000,Imported laporan 2025
C,15,2025-04-01,100000,Imported laporan 2025
C,15,2025-05-01,100000,Imported laporan 2025
C,15,2025-06-01,100000,Imported laporan 2025
C,15,2025-07-01,100000,Imported laporan 2025
C,15,2025-08-01,100000,Imported laporan 2025
C,15,2025-09-01,100000,Imported laporan 2025
C,15,2025-10-01,100000,Imported laporan 2025
C,15,2025-11-01,100000,Imported laporan 2025
C,15,2025-12-01,100000,Imported laporan 2025
C,16,2025-01-01,100000,Imported laporan 2025
C,16,2025-02-01,100000,Imported laporan 2025
C,16,2025-03-01,100000,Imported laporan 2025
C,16,2025-04-01,100000,Imported laporan 2025
C,16,2025-05-01,100000,Imported laporan 2025
C,16,2025-06-01,100000,Imported laporan 2025
C,16,2025-07-01,100000,Imported laporan 2025
C,16,2025-08-01,100000,Imported laporan 2025
C,16,2025-09-01,100000,Imported laporan 2025
C,16,2025-10-01,100000,Imported laporan 2025
C,16,2025-11-01,100000,Imported laporan 2025
C,16,2025-12-01,100000,Imported laporan 2025
C,17,2025-01-01,100000,Imported laporan 2025
C,17,2025-02-01,100000,Imported laporan 2025
C,17,2025-03-01,100000,Imported laporan 2025
C,17,2025-04-01,100000,Imported laporan 2025
C,17,2025-05-01,100000,Imported laporan 2025
C,17,2025-06-01,100000,Imported laporan 2025
C,17,2025-07-01,100000,Imported laporan 2025
C,17,2025-08-01,100000,Imported laporan 2025
C,17,2025-09-01,100000,Imported laporan 2025
C,17,2025-10-01,100000,Imported laporan 2025
C,17,2025-11-01,100000,Imported laporan 2025
C,17,2025-12-01,100000,Imported laporan 2025
C,18,2025-01-01,100000,Imported laporan 2025
C,18,2025-02-01,100000,Imported laporan 2025
C,18,2025-03-01,100000,Imported laporan 2025
C,18,2025-04-01,100000,Imported laporan 2025
C,18,2025-05-01,100000,Imported laporan 2025
C,18,2025-06-01,100000,Imported laporan 2025
C,18,2025-07-01,100000,Imported laporan 2025
C,18,2025-08-01,100000,Imported laporan 2025
C,18,2025-09-01,100000,Imported laporan 2025
C,18,2025-10-01,100000,Imported laporan 2025
C,18,2025-11-01,100000,Imported laporan 2025
C,18,2025-12-01,150000,Imported laporan 2025 (+50000 deposit)
C,19,2025-01-01,100000,Imported laporan 2025
C,19,2025-02-01,100000,Imported laporan 2025
C,19,2025-03-01,100000,Imported laporan 2025
C,19,2025-04-01,100000,Imported laporan 2025
C,19,2025-05-01,100000,Imported laporan 2025
C,19,2025-06-01,100000,Imported laporan 2025
C,19,2025-07-01,100000,Imported laporan 2025
C,19,2025-08-01,100000,Imported laporan 2025
C,19,2025-09-01,100000,Imported laporan 2025
C,19,2025-10-01,100000,Imported laporan 2025
C,19,2025-11-01,100000,Imported laporan 2025
C,19,2025-12-01,100000,Imported laporan 2025
C,20,2025-01-01,100000,Imported laporan 2025
C,20,2025-02-01,100000,Imported laporan 2025
C,20,2025-03-01,100000,Imported laporan 2025
C,20,2025-04-01,100000,Imported laporan 2025
C,20,2025-05-01,100000,Imported laporan 2025
C,20,2025-06-01,100000,Imported laporan 2025
C,20,2025-07-01,100000,Imported laporan 2025
C,20,2025-08-01,100000,Imported laporan 2025
C,20,2025-09-01,100000,Imported laporan 2025
C,20,2025-10-01,100000,Imported laporan 2025
C,20,2025-11-01,100000,Imported laporan 2025
C,20,2025-12-01,100000,Imported laporan 2025
C,22,2025-01-01,100000,Imported laporan 2025
C,22,2025-02-01,100000,Imported laporan 2025
C,22,2025-03-01,100000,Imported laporan 2025
C,22,2025-04-01,100000,Imported laporan 2025
C,22,2025-05-01,100000,Imported laporan 2025
C,22,2025-06-01,100000,Imported laporan 2025
C,22,2025-07-01,100000,Imported laporan 2025
C,22,2025-08-01,100000,Imported laporan 2025
C,22,2025-09-01,100000,Imported laporan 2025
C,22,2025-10-01,100000,Imported laporan 2025
C,22,2025-11-01,100000,Imported laporan 2025
C,22,2025-12-01,100000,Imported laporan 2025
C,26,2025-01-01,100000,Imported laporan 2025
C,26,2025-02-01,100000,Imported laporan 2025
C,26,2025-03-01,100000,Imported laporan 2025
C,26,2025-04-01,100000,Imported laporan 2025
C,26,2025-05-01,100000,Imported laporan 2025
C,26,2025-06-01,100000,Imported laporan 2025
C,26,2025-07-01,100000,Imported laporan 2025
C,26,2025-08-01,100000,Imported laporan 2025
C,26,2025-09-01,100000,Imported laporan 2025
C,26,2025-10-01,100000,Imported laporan 2025
C,26,2025-11-01,100000,Imported laporan 2025
C,26,2025-12-01,100000,Imported laporan 2025
D,01,2025-01-01,100000,Imported laporan 2025
D,01,2025-02-01,100000,Imported laporan 2025
D,01,2025-03-01,100000,Imported laporan 2025
D,01,2025-04-01,100000,Imported laporan 2025
D,01,2025-05-01,100000,Imported laporan 2025
D,01,2025-06-01,100000,Imported laporan 2025
D,01,2025-07-01,100000,Imported laporan 2025
D,01,2025-08-01,100000,Imported laporan 2025
D,01,2025-09-01,100000,Imported laporan 2025
D,01,2025-10-01,100000,Imported laporan 2025
D,01,2025-11-01,100000,Imported laporan 2025
D,01,2025-12-01,100000,Imported laporan 2025
D,02,2025-01-01,100000,Imported laporan 2025
D,02,2025-02-01,100000,Imported laporan 2025
D,02,2025-03-01,100000,Imported laporan 2025
D,02,2025-04-01,100000,Imported laporan 2025
D,02,2025-05-01,100000,Imported laporan 2025
D,02,2025-06-01,100000,Imported laporan 2025
D,02,2025-07-01,100000,Imported laporan 2025
D,02,2025-08-01,100000,Imported laporan 2025
D,02,2025-09-01,100000,Imported laporan 2025
D,02,2025-10-01,100000,Imported laporan 2025
D,02,2025-11-01,100000,Imported laporan 2025
D,02,2025-12-01,100000,Imported laporan 2025
D,03,2025-01-01,100000,Imported laporan 2025
D,03,2025-02-01,100000,Imported laporan 2025
D,03,2025-03-01,100000,Imported laporan 2025
D,03,2025-04-01,100000,Imported laporan 2025
D,03,2025-05-01,100000,Imported laporan 2025
D,03,2025-06-01,100000,Imported laporan 2025
D,03,2025-07-01,100000,Imported laporan 2025
D,03,2025-08-01,100000,Imported laporan 2025
D,03,2025-09-01,100000,Imported laporan 2025
D,03,2025-10-01,100000,Imported laporan 2025
D,03,2025-11-01,100000,Imported laporan 2025
D,03,2025-12-01,100000,Imported laporan 2025
D,05,2025-01-01,100000,Imported laporan 2025
D,05,2025-02-01,100000,Imported laporan 2025
D,05,2025-03-01,100000,Imported laporan 2025
D,05,2025-04-01,100000,Imported laporan 2025
D,05,2025-05-01,100000,Imported laporan 2025
D,05,2025-06-01,100000,Imported laporan 2025
D,05,2025-07-01,100000,Imported laporan 2025
D,05,2025-08-01,100000,Imported laporan 2025
D,05,2025-09-01,100000,Imported laporan 2025
D,05,2025-10-01,100000,Imported laporan 2025
D,05,2025-11-01,100000,Imported laporan 2025
D,05,2025-12-01,100000,Imported laporan 2025
D,06,2025-01-01,100000,Imported laporan 2025
D,06,2025-02-01,100000,Imported laporan 2025
D,06,2025-03-01,100000,Imported laporan 2025
D,06,2025-04-01,100000,Imported laporan 2025
D,06,2025-05-01,100000,Imported laporan 2025
D,06,2025-06-01,100000,Imported laporan 2025
D,06,2025-07-01,100000,Imported laporan 2025
D,06,2025-08-01,100000,Imported laporan 2025
D,06,2025-09-01,100000,Imported laporan 2025
D,06,2025-10-01,100000,Imported laporan 2025
D,06,2025-11-01,100000,Imported laporan 2025
D,06,2025-12-01,100000,Imported laporan 2025
D,07,2025-01-01,100000,Imported laporan 2025
D,07,2025-02-01,100000,Imported laporan 2025
D,07,2025-03-01,100000,Imported laporan 2025
D,07,2025-04-01,100000,Imported laporan 2025
D,07,2025-05-01,100000,Imported laporan 2025
D,07,2025-06-01,100000,Imported laporan 2025
D,07,2025-07-01,100000,Imported laporan 2025
D,07,2025-08-01,100000,Imported laporan 2025
D,07,2025-09-01,100000,Imported laporan 2025
D,07,2025-10-01,100000,Imported laporan 2025
D,07,2025-11-01,100000,Imported laporan 2025
D,07,2025-12-01,100000,Imported laporan 2025
D,08,2025-01-01,100000,Imported laporan 2025
D,08,2025-02-01,100000,Imported laporan 2025
D,08,2025-03-01,100000,Imported laporan 2025
D,08,2025-04-01,100000,Imported laporan 2025
D,08,2025-05-01,100000,Imported laporan 2025
D,08,2025-06-01,100000,Imported laporan 2025
D,08,2025-07-01,100000,Imported laporan 2025
D,08,2025-08-01,100000,Imported laporan 2025
D,08,2025-09-01,100000,Imported laporan 2025
D,08,2025-10-01,100000,Imported laporan 2025
D,08,2025-11-01,100000,Imported laporan 2025
D,08,2025-12-01,100000,Imported laporan 2025
D,09,2025-01-01,100000,Imported laporan 2025
D,09,2025-02-01,100000,Imported laporan 2025
D,09,2025-03-01,100000,Imported laporan 2025
D,09,2025-04-01,100000,Imported laporan 2025
D,09,2025-05-01,100000,Imported laporan 2025
D,09,2025-06-01,100000,Imported laporan 2025
D,09,2025-07-01,100000,Imported laporan 2025
D,09,2025-08-01,100000,Imported laporan 2025
D,09,2025-09-01,100000,Imported laporan 2025
D,09,2025-10-01,100000,Imported laporan 2025
D,09,2025-11-01,100000,Imported laporan 2025
D,09,2025-12-01,100000,Imported laporan 2025
D,10,2025-01-01,100000,Imported laporan 2025
D,10,2025-02-01,100000,Imported laporan 2025
D,10,2025-03-01,100000,Imported laporan 2025
D,10,2025-04-01,100000,Imported laporan 2025
D,10,2025-05-01,100000,Imported laporan 2025
D,10,2025-06-01,100000,Imported laporan 2025
D,10,2025-07-01,100000,Imported laporan 2025
D,10,2025-08-01,100000,Imported laporan 2025
D,10,2025-09-01,100000,Imported laporan 2025
D,10,2025-10-01,100000,Imported laporan 2025
D,10,2025-11-01,100000,Imported laporan 2025
D,10,2025-12-01,100000,Imported laporan 2025
D,11,2025-01-01,100000,Imported laporan 2025
D,11,2025-02-01,100000,Imported laporan 2025
D,11,2025-03-01,100000,Imported laporan 2025
D,11,2025-04-01,100000,Imported laporan 2025
D,11,2025-05-01,100000,Imported laporan 2025
D,11,2025-06-01,100000,Imported laporan 2025
D,11,2025-07-01,100000,Imported laporan 2025
D,11,2025-08-01,100000,Imported laporan 2025
D,11,2025-09-01,100000,Imported laporan 2025
D,11,2025-10-01,100000,Imported laporan 2025
D,11,2025-11-01,100000,Imported laporan 2025
D,11,2025-12-01,100000,Imported laporan 2025
D,12,2025-01-01,100000,Imported laporan 2025
D,12,2025-02-01,100000,Imported laporan 2025
D,12,2025-03-01,100000,Imported laporan 2025
D,12,2025-04-01,100000,Imported laporan 2025
D,12,2025-05-01,100000,Imported laporan 2025
D,12,2025-06-01,100000,Imported laporan 2025
D,12,2025-07-01,100000,Imported laporan 2025
D,12,2025-08-01,100000,Imported laporan 2025
D,12,2025-09-01,100000,Imported laporan 2025
D,12,2025-10-01,100000,Imported laporan 2025
D,12,2025-11-01,100000,Imported laporan 2025
D,12,2025-12-01,100000,Imported laporan 2025
D,15,2025-01-01,100000,Imported laporan 2025
D,15,2025-02-01,100000,Imported laporan 2025
D,15,2025-03-01,100000,Imported laporan 2025
D,15,2025-04-01,100000,Imported laporan 2025
D,15,2025-05-01,100000,Imported laporan 2025
D,15,2025-06-01,100000,Imported laporan 2025
D,15,2025-07-01,100000,Imported laporan 2025
D,15,2025-08-01,100000,Imported laporan 2025
D,15,2025-09-01,100000,Imported laporan 2025
D,15,2025-10-01,100000,Imported laporan 2025
D,15,2025-11-01,100000,Imported laporan 2025
D,15,2025-12-01,100000,Imported laporan 2025
D,16,2025-01-01,100000,Imported laporan 2025
D,16,2025-02-01,100000,Imported laporan 2025
D,16,2025-03-01,100000,Imported laporan 2025
D,16,2025-04-01,100000,Imported laporan 2025
D,16,2025-05-01,100000,Imported laporan 2025
D,16,2025-06-01,100000,Imported laporan 2025
D,16,2025-07-01,100000,Imported laporan 2025
D,16,2025-08-01,100000,Imported laporan 2025
D,16,2025-09-01,100000,Imported laporan 2025
D,16,2025-10-01,100000,Imported laporan 2025
D,16,2025-11-01,100000,Imported laporan 2025
D,16,2025-12-01,100000,Imported laporan 2025
D,17,2025-01-01,100000,Imported laporan 2025
D,17,2025-02-01,100000,Imported laporan 2025
D,17,2025-03-01,100000,Imported laporan 2025
D,17,2025-04-01,100000,Imported laporan 2025
D,17,2025-05-01,100000,Imported laporan 2025
D,17,2025-06-01,100000,Imported laporan 2025
D,17,2025-07-01,100000,Imported laporan 2025
D,17,2025-08-01,100000,Imported laporan 2025
D,17,2025-09-01,100000,Imported laporan 2025
D,17,2025-10-01,100000,Imported laporan 2025
D,17,2025-11-01,100000,Imported laporan 2025
D,17,2025-12-01,100000,Imported laporan 2025
D,18,2025-01-01,100000,Imported laporan 2025
D,18,2025-02-01,100000,Imported laporan 2025
D,18,2025-03-01,100000,Imported laporan 2025
D,18,2025-04-01,100000,Imported laporan 2025
D,18,2025-05-01,100000,Imported laporan 2025
D,18,2025-06-01,100000,Imported laporan 2025
D,18,2025-07-01,100000,Imported laporan 2025
D,18,2025-08-01,100000,Imported laporan 2025
D,18,2025-09-01,100000,Imported laporan 2025
D,18,2025-10-01,100000,Imported laporan 2025
D,18,2025-11-01,100000,Imported laporan 2025
D,18,2025-12-01,100000,Imported laporan 2025
D,19,2025-01-01,100000,Imported laporan 2025
D,19,2025-02-01,100000,Imported laporan 2025
D,19,2025-03-01,100000,Imported laporan 2025
D,19,2025-04-01,100000,Imported laporan 2025
D,19,2025-05-01,100000,Imported laporan 2025
D,19,2025-06-01,100000,Imported laporan 2025
D,19,2025-07-01,100000,Imported laporan 2025
D,19,2025-08-01,100000,Imported laporan 2025
D,19,2025-09-01,100000,Imported laporan 2025
D,19,2025-10-01,100000,Imported laporan 2025
D,19,2025-11-01,100000,Imported laporan 2025
D,19,2025-12-01,100000,Imported laporan 2025
D,19A,2025-01-01,100000,Imported laporan 2025
D,19A,2025-02-01,100000,Imported laporan 2025
D,19A,2025-03-01,100000,Imported laporan 2025
D,19A,2025-04-01,100000,Imported laporan 2025
D,19A,2025-05-01,100000,Imported laporan 2025
D,19A,2025-06-01,100000,Imported laporan 2025
D,19A,2025-07-01,100000,Imported laporan 2025
D,19A,2025-08-01,100000,Imported laporan 2025
D,19A,2025-09-01,100000,Imported laporan 2025
D,19A,2025-10-01,100000,Imported laporan 2025
D,19A,2025-11-01,100000,Imported laporan 2025
D,19A,2025-12-01,100000,Imported laporan 2025
D,20,2025-01-01,100000,Imported laporan 2025
D,20,2025-02-01,100000,Imported laporan 2025
D,20,2025-03-01,100000,Imported laporan 2025
D,20,2025-04-01,100000,Imported laporan 2025
D,20,2025-05-01,100000,Imported laporan 2025
D,20,2025-06-01,100000,Imported laporan 2025
D,20,2025-07-01,100000,Imported laporan 2025
D,20,2025-08-01,100000,Imported laporan 2025
D,20,2025-09-01,100000,Imported laporan 2025
D,20,2025-10-01,100000,Imported laporan 2025
D,20,2025-11-01,100000,Imported laporan 2025
D,20,2025-12-01,100000,Imported laporan 2025
D,26,2025-01-01,100000,Imported laporan 2025
D,26,2025-02-01,100000,Imported laporan 2025
D,26,2025-03-01,100000,Imported laporan 2025
D,26,2025-04-01,100000,Imported laporan 2025
D,26,2025-05-01,100000,Imported laporan 2025
D,26,2025-06-01,100000,Imported laporan 2025
D,26,2025-07-01,100000,Imported laporan 2025
D,26,2025-08-01,100000,Imported laporan 2025
D,26,2025-09-01,100000,Imported laporan 2025
D,26,2025-10-01,100000,Imported laporan 2025
D,26,2025-11-01,100000,Imported laporan 2025
D,26,2025-12-01,100000,Imported laporan 2025
D,28,2025-01-01,100000,Imported laporan 2025
D,28,2025-02-01,100000,Imported laporan 2025
D,28,2025-03-01,100000,Imported laporan 2025
D,28,2025-04-01,100000,Imported laporan 2025
D,28,2025-05-01,100000,Imported laporan 2025
D,28,2025-06-01,100000,Imported laporan 2025
D,28,2025-07-01,100000,Imported laporan 2025
D,28,2025-08-01,100000,Imported laporan 2025
D,28,2025-09-01,100000,Imported laporan 2025
D,28,2025-10-01,100000,Imported laporan 2025
D,28,2025-11-01,100000,Imported laporan 2025
D,28,2025-12-01,100000,Imported laporan 2025
D,30,2025-01-01,100000,Imported laporan 2025
D,30,2025-02-01,100000,Imported laporan 2025
D,30,2025-03-01,100000,Imported laporan 2025
D,30,2025-04-01,100000,Imported laporan 2025
D,30,2025-05-01,100000,Imported laporan 2025
D,30,2025-06-01,100000,Imported laporan 2025
D,30,2025-07-01,100000,Imported laporan 2025
D,30,2025-08-01,100000,Imported laporan 2025
D,30,2025-09-01,100000,Imported laporan 2025
D,30,2025-10-01,100000,Imported laporan 2025
D,30,2025-11-01,100000,Imported laporan 2025
D,30,2025-12-01,100000,Imported laporan 2025
D,30A,2025-01-01,100000,Imported laporan 2025
D,30A,2025-02-01,100000,Imported laporan 2025
D,30A,2025-03-01,100000,Imported laporan 2025
D,30A,2025-04-01,100000,Imported laporan 2025
D,30A,2025-05-01,100000,Imported laporan 2025
D,30A,2025-06-01,100000,Imported laporan 2025
D,30A,2025-07-01,100000,Imported laporan 2025
D,30A,2025-08-01,100000,Imported laporan 2025
D,30A,2025-09-01,100000,Imported laporan 2025
D,30A,2025-10-01,100000,Imported laporan 2025
D,30A,2025-11-01,100000,Imported laporan 2025
D,30A,2025-12-01,100000,Imported laporan 2025
E,01,2025-01-01,100000,Imported laporan 2025
E,01,2025-02-01,100000,Imported laporan 2025
E,01,2025-03-01,100000,Imported laporan 2025
E,01,2025-04-01,100000,Imported laporan 2025
E,01,2025-05-01,100000,Imported laporan 2025
E,01,2025-06-01,100000,Imported laporan 2025
E,01,2025-07-01,100000,Imported laporan 2025
E,01,2025-08-01,100000,Imported laporan 2025
E,01,2025-09-01,100000,Imported laporan 2025
E,01,2025-10-01,100000,Imported laporan 2025
E,01,2025-11-01,100000,Imported laporan 2025
E,01,2025-12-01,100000,Imported laporan 2025
E,02,2025-01-01,100000,Imported laporan 2025
E,02,2025-02-01,100000,Imported laporan 2025
E,02,2025-03-01,100000,Imported laporan 2025
E,02,2025-04-01,100000,Imported laporan 2025
E,02,2025-05-01,100000,Imported laporan 2025
E,02,2025-06-01,100000,Imported laporan 2025
E,02,2025-07-01,100000,Imported laporan 2025
E,02,2025-08-01,100000,Imported laporan 2025
E,02,2025-09-01,100000,Imported laporan 2025
E,02,2025-10-01,100000,Imported laporan 2025
E,02,2025-11-01,100000,Imported laporan 2025
E,02,2025-12-01,100000,Imported laporan 2025
E,03,2025-01-01,100000,Imported laporan 2025
E,03,2025-02-01,100000,Imported laporan 2025
E,03,2025-03-01,100000,Imported laporan 2025
E,03,2025-04-01,100000,Imported laporan 2025
E,03,2025-05-01,100000,Imported laporan 2025
E,03,2025-06-01,100000,Imported laporan 2025
E,03,2025-07-01,100000,Imported laporan 2025
E,03,2025-08-01,100000,Imported laporan 2025
E,03,2025-09-01,100000,Imported laporan 2025
E,03,2025-10-01,100000,Imported laporan 2025
E,03,2025-11-01,100000,Imported laporan 2025
E,03,2025-12-01,100000,Imported laporan 2025
E,05,2025-01-01,100000,Imported laporan 2025
E,05,2025-02-01,100000,Imported laporan 2025
E,05,2025-03-01,100000,Imported laporan 2025
E,05,2025-04-01,100000,Imported laporan 2025
E,05,2025-05-01,100000,Imported laporan 2025
E,05,2025-06-01,100000,Imported laporan 2025
E,05,2025-07-01,100000,Imported laporan 2025
E,05,2025-08-01,100000,Imported laporan 2025
E,05,2025-09-01,100000,Imported laporan 2025
E,05,2025-10-01,100000,Imported laporan 2025
E,05,2025-11-01,100000,Imported laporan 2025
E,05,2025-12-01,100000,Imported laporan 2025
E,06,2025-01-01,100000,Imported laporan 2025
E,06,2025-02-01,100000,Imported laporan 2025
E,06,2025-03-01,100000,Imported laporan 2025
E,06,2025-04-01,100000,Imported laporan 2025
E,06,2025-05-01,100000,Imported laporan 2025
E,06,2025-06-01,100000,Imported laporan 2025
E,06,2025-07-01,100000,Imported laporan 2025
E,06,2025-08-01,100000,Imported laporan 2025
E,06,2025-09-01,100000,Imported laporan 2025
E,06,2025-10-01,100000,Imported laporan 2025
E,06,2025-11-01,100000,Imported laporan 2025
E,06,2025-12-01,100000,Imported laporan 2025
E,07,2025-01-01,100000,Imported laporan 2025
E,07,2025-02-01,100000,Imported laporan 2025
E,07,2025-03-01,100000,Imported laporan 2025
E,07,2025-04-01,100000,Imported laporan 2025
E,07,2025-05-01,100000,Imported laporan 2025
E,07,2025-06-01,100000,Imported laporan 2025
E,07,2025-07-01,100000,Imported laporan 2025
E,07,2025-08-01,100000,Imported laporan 2025
E,07,2025-09-01,100000,Imported laporan 2025
E,07,2025-10-01,100000,Imported laporan 2025
E,07,2025-11-01,100000,Imported laporan 2025
E,07,2025-12-01,100000,Imported laporan 2025
E,08,2025-01-01,100000,Imported laporan 2025
E,08,2025-02-01,100000,Imported laporan 2025
E,08,2025-03-01,100000,Imported laporan 2025
E,08,2025-04-01,100000,Imported laporan 2025
E,08,2025-05-01,100000,Imported laporan 2025
E,08,2025-06-01,100000,Imported laporan 2025
E,08,2025-07-01,100000,Imported laporan 2025
E,08,2025-08-01,100000,Imported laporan 2025
E,08,2025-09-01,100000,Imported laporan 2025
E,08,2025-10-01,100000,Imported laporan 2025
E,08,2025-11-01,100000,Imported laporan 2025
E,08,2025-12-01,100000,Imported laporan 2025
E,09,2025-01-01,100000,Imported laporan 2025
E,09,2025-02-01,100000,Imported laporan 2025
E,09,2025-03-01,100000,Imported laporan 2025
E,09,2025-04-01,100000,Imported laporan 2025
E,09,2025-05-01,100000,Imported laporan 2025
E,09,2025-06-01,100000,Imported laporan 2025
E,09,2025-07-01,100000,Imported laporan 2025
E,09,2025-08-01,100000,Imported laporan 2025
E,09,2025-09-01,100000,Imported laporan 2025
E,09,2025-10-01,100000,Imported laporan 2025
E,09,2025-11-01,100000,Imported laporan 2025
E,09,2025-12-01,100000,Imported laporan 2025
E,10,2025-01-01,100000,Imported laporan 2025
E,10,2025-02-01,100000,Imported laporan 2025
E,10,2025-03-01,100000,Imported laporan 2025
E,10,2025-04-01,100000,Imported laporan 2025
E,10,2025-05-01,100000,Imported laporan 2025
E,10,2025-06-01,100000,Imported laporan 2025
E,10,2025-07-01,100000,Imported laporan 2025
E,10,2025-08-01,100000,Imported laporan 2025
E,10,2025-09-01,100000,Imported laporan 2025
E,10,2025-10-01,100000,Imported laporan 2025
E,10,2025-11-01,100000,Imported laporan 2025
E,10,2025-12-01,100000,Imported laporan 2025
E,11,2025-01-01,100000,Imported laporan 2025
E,11,2025-02-01,100000,Imported laporan 2025
E,11,2025-03-01,100000,Imported laporan 2025
E,11,2025-04-01,100000,Imported laporan 2025
E,11,2025-05-01,100000,Imported laporan 2025
E,11,2025-06-01,100000,Imported laporan 2025
E,11,2025-07-01,100000,Imported laporan 2025
E,11,2025-08-01,100000,Imported laporan 2025
E,11,2025-09-01,100000,Imported laporan 2025
E,11,2025-10-01,100000,Imported laporan 2025
E,11,2025-11-01,100000,Imported laporan 2025
E,11,2025-12-01,100000,Imported laporan 2025
E,12,2025-01-01,100000,Imported laporan 2025
E,12,2025-02-01,100000,Imported laporan 2025
E,12,2025-03-01,100000,Imported laporan 2025
E,12,2025-04-01,100000,Imported laporan 2025
E,12,2025-05-01,100000,Imported laporan 2025
E,12,2025-06-01,100000,Imported laporan 2025
E,12,2025-07-01,100000,Imported laporan 2025
E,12,2025-08-01,100000,Imported laporan 2025
E,12,2025-09-01,100000,Imported laporan 2025
E,12,2025-10-01,100000,Imported laporan 2025
E,12,2025-11-01,100000,Imported laporan 2025
E,12,2025-12-01,100000,Imported laporan 2025
E,15,2025-01-01,100000,Imported laporan 2025
E,15,2025-02-01,100000,Imported laporan 2025
E,15,2025-03-01,100000,Imported laporan 2025
E,15,2025-04-01,100000,Imported laporan 2025
E,15,2025-05-01,100000,Imported laporan 2025
E,15,2025-06-01,100000,Imported laporan 2025
E,15,2025-07-01,100000,Imported laporan 2025
E,15,2025-08-01,100000,Imported laporan 2025
E,15,2025-09-01,100000,Imported laporan 2025
E,15,2025-10-01,100000,Imported laporan 2025
E,15,2025-11-01,100000,Imported laporan 2025
E,15,2025-12-01,100000,Imported laporan 2025
E,16,2025-01-01,100000,Imported laporan 2025
E,16,2025-02-01,100000,Imported laporan 2025
E,16,2025-03-01,100000,Imported laporan 2025
E,16,2025-04-01,100000,Imported laporan 2025
E,16,2025-05-01,100000,Imported laporan 2025
E,16,2025-06-01,100000,Imported laporan 2025
E,16,2025-07-01,100000,Imported laporan 2025
E,16,2025-08-01,100000,Imported laporan 2025
E,16,2025-09-01,100000,Imported laporan 2025
E,16,2025-10-01,100000,Imported laporan 2025
E,16,2025-11-01,100000,Imported laporan 2025
E,16,2025-12-01,100000,Imported laporan 2025
E,17,2025-01-01,100000,Imported laporan 2025
E,17,2025-02-01,100000,Imported laporan 2025
E,17,2025-03-01,100000,Imported laporan 2025
E,17,2025-04-01,100000,Imported laporan 2025
E,17,2025-05-01,100000,Imported laporan 2025
E,17,2025-06-01,100000,Imported laporan 2025
E,17,2025-07-01,100000,Imported laporan 2025
E,17,2025-08-01,100000,Imported laporan 2025
E,17,2025-09-01,100000,Imported laporan 2025
E,17,2025-10-01,100000,Imported laporan 2025
E,17,2025-11-01,100000,Imported laporan 2025
E,17,2025-12-01,100000,Imported laporan 2025
E,18,2025-01-01,100000,Imported laporan 2025
E,18,2025-02-01,100000,Imported laporan 2025
E,18,2025-03-01,100000,Imported laporan 2025
E,18,2025-04-01,100000,Imported laporan 2025
E,18,2025-05-01,100000,Imported laporan 2025
E,18,2025-06-01,100000,Imported laporan 2025
E,18,2025-07-01,100000,Imported laporan 2025
E,18,2025-08-01,100000,Imported laporan 2025
E,18,2025-09-01,100000,Imported laporan 2025
E,18,2025-10-01,100000,Imported laporan 2025
E,18,2025-11-01,100000,Imported laporan 2025
E,18,2025-12-01,100000,Imported laporan 2025
E,19,2025-01-01,100000,Imported laporan 2025
E,19,2025-02-01,100000,Imported laporan 2025
E,19,2025-03-01,100000,Imported laporan 2025
E,19,2025-04-01,100000,Imported laporan 2025
E,19,2025-05-01,100000,Imported laporan 2025
E,19,2025-06-01,100000,Imported laporan 2025
E,19,2025-07-01,100000,Imported laporan 2025
E,19,2025-08-01,100000,Imported laporan 2025
E,20,2025-01-01,100000,Imported laporan 2025
E,20,2025-02-01,100000,Imported laporan 2025
E,20,2025-03-01,100000,Imported laporan 2025
E,20,2025-04-01,100000,Imported laporan 2025
E,20,2025-05-01,100000,Imported laporan 2025
E,20,2025-06-01,100000,Imported laporan 2025
E,20,2025-07-01,100000,Imported laporan 2025
E,20,2025-08-01,100000,Imported laporan 2025
E,20,2025-09-01,100000,Imported laporan 2025
E,20,2025-10-01,100000,Imported laporan 2025
E,20,2025-11-01,100000,Imported laporan 2025
E,20,2025-12-01,100000,Imported laporan 2025
E,21,2025-01-01,100000,Imported laporan 2025
E,21,2025-02-01,100000,Imported laporan 2025
E,21,2025-03-01,100000,Imported laporan 2025
E,21,2025-04-01,100000,Imported laporan 2025
E,21,2025-05-01,100000,Imported laporan 2025
E,21,2025-06-01,100000,Imported laporan 2025
E,21,2025-07-01,100000,Imported laporan 2025
E,21,2025-08-01,100000,Imported laporan 2025
E,21,2025-09-01,100000,Imported laporan 2025
E,21,2025-10-01,100000,Imported laporan 2025
E,21,2025-11-01,100000,Imported laporan 2025
E,21,2025-12-01,100000,Imported laporan 2025
E,22,2025-01-01,100000,Imported laporan 2025
E,22,2025-02-01,100000,Imported laporan 2025
E,22,2025-03-01,100000,Imported laporan 2025
E,22,2025-04-01,100000,Imported laporan 2025
E,22,2025-05-01,100000,Imported laporan 2025
E,22,2025-06-01,100000,Imported laporan 2025
E,22,2025-07-01,100000,Imported laporan 2025
E,22,2025-08-01,100000,Imported laporan 2025
E,22,2025-09-01,100000,Imported laporan 2025
E,22,2025-10-01,100000,Imported laporan 2025
E,22,2025-11-01,100000,Imported laporan 2025
E,22,2025-12-01,100000,Imported laporan 2025
E,23,2025-01-01,100000,Imported laporan 2025
E,23,2025-02-01,100000,Imported laporan 2025
E,23,2025-03-01,100000,Imported laporan 2025
E,23,2025-04-01,100000,Imported laporan 2025
E,23,2025-05-01,100000,Imported laporan 2025
E,23,2025-06-01,100000,Imported laporan 2025
E,23,2025-07-01,100000,Imported laporan 2025
E,23,2025-08-01,100000,Imported laporan 2025
E,23,2025-09-01,100000,Imported laporan 2025
E,23,2025-10-01,100000,Imported laporan 2025
E,23,2025-11-01,100000,Imported laporan 2025
E,23,2025-12-01,100000,Imported laporan 2025
E,25,2025-01-01,100000,Imported laporan 2025
E,25,2025-02-01,100000,Imported laporan 2025
E,25,2025-03-01,100000,Imported laporan 2025
E,25,2025-04-01,100000,Imported laporan 2025
E,25,2025-05-01,100000,Imported laporan 2025
E,25,2025-06-01,100000,Imported laporan 2025
E,25,2025-07-01,100000,Imported laporan 2025
E,25,2025-08-01,100000,Imported laporan 2025
E,25,2025-09-01,100000,Imported laporan 2025
E,25,2025-10-01,100000,Imported laporan 2025
E,25,2025-11-01,100000,Imported laporan 2025
E,25,2025-12-01,100000,Imported laporan 2025
E,26,2025-01-01,100000,Imported laporan 2025
E,26,2025-02-01,100000,Imported laporan 2025
E,26,2025-03-01,100000,Imported laporan 2025
E,26,2025-04-01,100000,Imported laporan 2025
E,26,2025-05-01,100000,Imported laporan 2025
E,26,2025-06-01,100000,Imported laporan 2025
E,26,2025-07-01,100000,Imported laporan 2025
E,28,2025-01-01,100000,Imported laporan 2025
E,28,2025-02-01,100000,Imported laporan 2025
E,28,2025-03-01,100000,Imported laporan 2025
E,28,2025-04-01,100000,Imported laporan 2025
E,28,2025-05-01,100000,Imported laporan 2025
E,28,2025-06-01,100000,Imported laporan 2025
E,28,2025-07-01,100000,Imported laporan 2025
E,28,2025-08-01,100000,Imported laporan 2025
E,28,2025-09-01,100000,Imported laporan 2025
E,28,2025-10-01,100000,Imported laporan 2025
E,28,2025-11-01,100000,Imported laporan 2025
E,28,2025-12-01,100000,Imported laporan 2025
E,30,2025-01-01,100000,Imported laporan 2025
E,30,2025-02-01,100000,Imported laporan 2025
E,30,2025-03-01,100000,Imported laporan 2025
E,30,2025-04-01,100000,Imported laporan 2025
E,30,2025-05-01,100000,Imported laporan 2025
E,30,2025-06-01,100000,Imported laporan 2025
E,30,2025-07-01,100000,Imported laporan 2025
E,30,2025-08-01,100000,Imported laporan 2025
E,30,2025-09-01,100000,Imported laporan 2025
E,30,2025-10-01,100000,Imported laporan 2025
E,30,2025-11-01,100000,Imported laporan 2025
E,30,2025-12-01,100000,Imported laporan 2025
E,32,2025-01-01,100000,Imported laporan 2025
E,32,2025-02-01,100000,Imported laporan 2025
E,32,2025-03-01,100000,Imported laporan 2025
E,32,2025-04-01,100000,Imported laporan 2025
E,32,2025-05-01,100000,Imported laporan 2025
E,32,2025-06-01,100000,Imported laporan 2025
E,32,2025-07-01,100000,Imported laporan 2025
E,32,2025-08-01,100000,Imported laporan 2025
E,32,2025-09-01,100000,Imported laporan 2025
E,32,2025-10-01,100000,Imported laporan 2025
E,32,2025-11-01,100000,Imported laporan 2025
E,32,2025-12-01,100000,Imported laporan 2025
E,36,2025-01-01,100000,Imported laporan 2025
E,36,2025-02-01,100000,Imported laporan 2025
E,36,2025-03-01,100000,Imported laporan 2025
E,36,2025-04-01,100000,Imported laporan 2025
E,36,2025-05-01,100000,Imported laporan 2025
E,36,2025-06-01,100000,Imported laporan 2025
E,36,2025-07-01,100000,Imported laporan 2025
E,36,2025-08-01,100000,Imported laporan 2025
E,36,2025-09-01,100000,Imported laporan 2025
E,36,2025-10-01,100000,Imported laporan 2025
E,36,2025-11-01,100000,Imported laporan 2025
E,36,2025-12-01,100000,Imported laporan 2025
